method,paradigm,run_id,cpu_usage_percent,wall_time_ms,memory_used_mb,iterations,converged
fixed_point,imperative,1,0.0,0.07353399996645749,0,18,1
fixed_point,imperative,2,213.2,0.07307799998670816,0,18,1
fixed_point,imperative,3,0.0,0.07473399979062378,0,18,1
fixed_point,imperative,4,209.6,0.07438699947670102,0,18,1
fixed_point,imperative,5,0.0,0.0748639996163547,0,18,1
fixed_point,imperative,6,211.9,0.07360100047662854,0,18,1
fixed_point,imperative,7,0.0,0.07416200009174645,0,18,1
fixed_point,imperative,8,214.0,0.07284299936145544,0,18,1
fixed_point,imperative,9,0.0,0.07361099938862026,0.00390625,18,1
fixed_point,imperative,10,219.1,0.07116699940524995,0,18,1
fixed_point,imperative,11,0.0,0.07330400054343045,0,18,1
fixed_point,imperative,12,201.2,0.077502999920398,0,18,1
fixed_point,imperative,13,0.0,0.07390299928374588,0,18,1
fixed_point,imperative,14,211.6,0.07370600011199713,0,18,1
fixed_point,imperative,15,0.0,0.07347200065851212,0,18,1
fixed_point,imperative,16,211.8,0.0736049993429333,0,18,1
fixed_point,imperative,17,0.0,0.07515300065279007,0,18,1
fixed_point,imperative,18,205.4,0.0758440000936389,0,18,1
fixed_point,imperative,19,0.0,0.07511200034059584,0,18,1
fixed_point,imperative,20,200.9,0.07762799970805645,0,18,1
fixed_point,imperative,21,0.0,0.07536299992352724,0,18,1
fixed_point,imperative,22,213.5,0.07301999954506755,0,18,1
fixed_point,imperative,23,0.0,0.07363500073552132,0,18,1
fixed_point,imperative,24,0.0,0.07466600043699145,0,18,1
fixed_point,imperative,25,210.2,0.07417300017550588,0,18,1
fixed_point,imperative,26,0.0,0.07410499965772033,0,18,1
fixed_point,imperative,27,218.0,0.0714430003426969,0,18,1
fixed_point,imperative,28,0.0,0.07442999980412424,0,18,1
fixed_point,imperative,29,212.7,0.07329300045967102,0,18,1
fixed_point,imperative,30,0.0,0.07406100048683584,0,18,1
fixed_point,imperative,31,215.6,0.07230999995954335,0,18,1
fixed_point,imperative,32,0.0,0.07455999962985516,0,18,1
fixed_point,imperative,33,215.1,0.07249900023452938,0,18,1
fixed_point,imperative,34,0.0,0.07353499997407198,0.00390625,18,1
fixed_point,imperative,35,214.4,0.07271899958141148,0,18,1
fixed_point,imperative,36,0.0,0.07421800051815808,0,18,1
fixed_point,imperative,37,211.3,0.07372200023382902,0,18,1
fixed_point,imperative,38,0.0,0.0739769998472184,0,18,1
fixed_point,imperative,39,208.1,0.07490099989809096,0,18,1
fixed_point,imperative,40,0.0,0.07443099981173873,0,18,1
fixed_point,imperative,41,208.4,0.07476300001144409,0,18,1
fixed_point,imperative,42,0.0,0.073179000755772,0,18,1
fixed_point,imperative,43,0.0,0.07415000000037253,0,18,1
fixed_point,imperative,44,211.3,0.07375599932856858,0,18,1
fixed_point,imperative,45,0.0,0.07378799957223237,0,18,1
fixed_point,imperative,46,210.2,0.074155000038445,0,18,1
fixed_point,imperative,47,0.0,0.07483799941837788,0,18,1
fixed_point,imperative,48,184.3,0.08459999924525619,0,18,1
fixed_point,imperative,49,164.8,0.09458800079301,0,18,1
fixed_point,imperative,50,0.0,0.07332599954679608,0,18,1
fixed_point,imperative,51,205.0,0.07607300067320466,0,18,1
fixed_point,imperative,52,0.0,0.07425099960528314,0,18,1
fixed_point,imperative,53,0.0,0.07241199957206845,0,18,1
fixed_point,imperative,54,204.2,0.07632600027136505,0,18,1
fixed_point,imperative,55,179.8,0.08672000025399029,0,18,1
fixed_point,imperative,56,0.0,0.07216199999675155,0,18,1
fixed_point,imperative,57,0.0,0.07481399923563004,0,18,1
fixed_point,imperative,58,215.9,0.07220600033178926,0,18,1
fixed_point,imperative,59,0.0,0.0750279997009784,0,18,1
fixed_point,imperative,60,218.8,0.07122699986211956,0,18,1
fixed_point,imperative,61,0.0,0.0749089999590069,0,18,1
fixed_point,imperative,62,209.9,0.07424499955959618,0,18,1
fixed_point,imperative,63,0.0,0.07509200018830597,0,18,1
fixed_point,imperative,64,198.8,0.07828600006178021,0,18,1
fixed_point,imperative,65,0.0,0.08416099939495325,0,18,1
fixed_point,imperative,66,169.1,0.09208800038322806,0,18,1
fixed_point,imperative,67,159.6,0.09745300048962235,0,18,1
fixed_point,imperative,68,0.0,0.08361799991689622,0,18,1
fixed_point,imperative,69,187.0,0.08324800059199333,0,18,1
fixed_point,imperative,70,0.0,0.08003699942491949,0,18,1
fixed_point,imperative,71,185.4,0.08400899940170348,0,18,1
fixed_point,imperative,72,0.0,0.0744650000706315,0,18,1
fixed_point,imperative,73,210.1,0.0741280009970069,0,18,1
fixed_point,imperative,74,0.0,0.07746299961581826,0,18,1
fixed_point,imperative,75,208.0,0.07488399976864457,0,18,1
fixed_point,imperative,76,0.0,0.07988999946974218,0,18,1
fixed_point,imperative,77,168.7,0.09232499985955656,0.00390625,18,1
fixed_point,imperative,78,0.0,0.079293999588117,0,18,1
fixed_point,imperative,79,185.7,0.08385300054214895,0,18,1
fixed_point,imperative,80,0.0,0.08253900101408362,0,18,1
fixed_point,imperative,81,200.7,0.07751400000415742,0,18,1
fixed_point,imperative,82,0.0,0.08366900030523539,0,18,1
fixed_point,imperative,83,190.4,0.08169000037014484,0,18,1
fixed_point,imperative,84,195.8,0.07948800106532872,0,18,1
fixed_point,imperative,85,0.0,0.082406000001356,0,18,1
fixed_point,imperative,86,200.2,0.07778000086545944,0,18,1
fixed_point,imperative,87,0.0,0.07924500037916005,0,18,1
fixed_point,imperative,88,197.5,0.07884199963882565,0,18,1
fixed_point,imperative,89,0.0,0.07954000029712915,0,18,1
fixed_point,imperative,90,195.7,0.07953800028190017,0,18,1
fixed_point,imperative,91,0.0,0.08384799933992326,0,18,1
fixed_point,imperative,92,192.8,0.0808049994520843,0,18,1
fixed_point,imperative,93,0.0,0.07462600013241172,0,18,1
fixed_point,imperative,94,196.3,0.07934199995361269,0,18,1
fixed_point,imperative,95,0.0,0.08930900017730892,0,18,1
fixed_point,imperative,96,188.2,0.08265299955382943,0,18,1
fixed_point,imperative,97,0.0,0.08272900013253093,0,18,1
fixed_point,imperative,98,151.1,0.1029859995469451,0,18,1
fixed_point,imperative,99,153.9,0.10110999923199415,0,18,1
fixed_point,imperative,100,0.0,0.07670299964956939,0,18,1
fixed_point,functional,1,152.1,0.10240199975669384,0.03515625,18,1
fixed_point,functional,2,152.0,0.10235300054773688,0.05078125,18,1
fixed_point,functional,3,0.0,0.09158900007605553,0.05078125,18,1
fixed_point,functional,4,157.2,0.09905799990519881,0.01171875,18,1
fixed_point,functional,5,0.0,0.09399799979291856,0,18,1
fixed_point,functional,6,164.6,0.09458299959078431,0,18,1
fixed_point,functional,7,163.9,0.09503400069661438,0.0390625,18,1
fixed_point,functional,8,0.0,0.09667000034824014,0,18,1
fixed_point,functional,9,147.2,0.10575799969956279,0,18,1
fixed_point,functional,10,162.2,0.09589900029823184,0,18,1
fixed_point,functional,11,0.0,0.091087999753654,0.0078125,18,1
fixed_point,functional,12,0.0,0.10742900078184903,0,18,1
fixed_point,functional,13,155.7,0.09995799977332354,0,18,1
fixed_point,functional,14,0.0,0.09328899905085564,0.01171875,18,1
fixed_point,functional,15,159.8,0.09742500027641654,0.00390625,18,1
fixed_point,functional,16,0.0,0.18398099928162992,0,18,1
fixed_point,functional,17,90.7,0.17194699961692095,0,18,1
fixed_point,functional,18,138.3,0.11257899925112724,0,18,1
fixed_point,functional,19,0.0,0.1041580003220588,0,18,1
fixed_point,functional,20,165.2,0.09408399928361177,0,18,1
fixed_point,functional,21,145.0,0.10737700038589537,0,18,1
fixed_point,functional,22,0.0,0.0860219995956868,0.00390625,18,1
fixed_point,functional,23,168.4,0.0925420003477484,0,18,1
fixed_point,functional,24,0.0,0.08147599990479648,0,18,1
fixed_point,functional,25,199.3,0.0782119994983077,0,18,1
fixed_point,functional,26,0.0,0.07942400057800114,0,18,1
fixed_point,functional,27,202.5,0.0768949999473989,0,18,1
fixed_point,functional,28,0.0,0.0769979995675385,0,18,1
fixed_point,functional,29,203.8,0.07649300037883222,0,18,1
fixed_point,functional,30,0.0,0.07706100004725158,0,18,1
fixed_point,functional,31,201.6,0.07726599927991629,0,18,1
fixed_point,functional,32,0.0,0.07998900022357702,0,18,1
fixed_point,functional,33,205.0,0.0760489993263036,0,18,1
fixed_point,functional,34,185.6,0.08395000011660159,0,18,1
fixed_point,functional,35,0.0,0.07790600066073239,0,18,1
fixed_point,functional,36,201.2,0.07745399954728782,0,18,1
fixed_point,functional,37,0.0,0.07692799903452396,0,18,1
fixed_point,functional,38,202.1,0.07703099981881678,0,18,1
fixed_point,functional,39,0.0,0.07849799934774637,0,18,1
fixed_point,functional,40,175.2,0.08891000063158572,0,18,1
fixed_point,functional,41,0.0,0.07452199934050441,0,18,1
fixed_point,functional,42,199.4,0.07811899995431304,0,18,1
fixed_point,functional,43,0.0,0.0781560002360493,0,18,1
fixed_point,functional,44,207.2,0.07521899999119341,0,18,1
fixed_point,functional,45,0.0,0.07652899948880076,0,18,1
fixed_point,functional,46,206.8,0.07539099897257984,0,18,1
fixed_point,functional,47,0.0,0.07706100004725158,0,18,1
fixed_point,functional,48,194.8,0.07999299908988178,0,18,1
fixed_point,functional,49,0.0,0.076996999559924,0,18,1
fixed_point,functional,50,204.5,0.07620200049132109,0,18,1
fixed_point,functional,51,0.0,0.07907800027169287,0,18,1
fixed_point,functional,52,207.6,0.07504099979996681,0,18,1
fixed_point,functional,53,0.0,0.07780199986882508,0,18,1
fixed_point,functional,54,158.3,0.09848400019109249,0,18,1
fixed_point,functional,55,0.0,0.07681599934585392,0,18,1
fixed_point,functional,56,200.9,0.0775609991978854,0,18,1
fixed_point,functional,57,0.0,0.07833799929358065,0,18,1
fixed_point,functional,58,210.7,0.07391799939796329,0,18,1
fixed_point,functional,59,0.0,0.07892399909906089,0,18,1
fixed_point,functional,60,199.4,0.07782000000588596,0,18,1
fixed_point,functional,61,0.0,0.07795399986207485,0,18,1
fixed_point,functional,62,209.8,0.07427200092934072,0,18,1
fixed_point,functional,63,0.0,0.08043899899348617,0,18,1
fixed_point,functional,64,199.3,0.07817500038072467,0,18,1
fixed_point,functional,65,0.0,0.07581099984236062,0,18,1
fixed_point,functional,66,203.5,0.07659199996851385,0,18,1
fixed_point,functional,67,0.0,0.07842599996365607,0,18,1
fixed_point,functional,68,204.7,0.07615300011821091,0,18,1
fixed_point,functional,69,0.0,0.07472899975255132,0,18,1
fixed_point,functional,70,205.3,0.07590800058096647,0,18,1
fixed_point,functional,71,0.0,0.0787780003156513,0,18,1
fixed_point,functional,72,193.8,0.0803919997997582,0,18,1
fixed_point,functional,73,0.0,0.07708000019192696,0,18,1
fixed_point,functional,74,203.1,0.07676100009121001,0,18,1
fixed_point,functional,75,0.0,0.07856699987314641,0,18,1
fixed_point,functional,76,206.3,0.07556699914857745,0,18,1
fixed_point,functional,77,0.0,0.07508600014261901,0,18,1
fixed_point,functional,78,209.8,0.07431400008499622,0,18,1
fixed_point,functional,79,0.0,0.07795499986968935,0,18,1
fixed_point,functional,80,198.1,0.07868299959227443,0,18,1
fixed_point,functional,81,0.0,0.07919900002889335,0,18,1
fixed_point,functional,82,205.2,0.07597199990414083,0,18,1
fixed_point,functional,83,0.0,0.07633699919097126,0,18,1
fixed_point,functional,84,204.5,0.07624799967743456,0,18,1
fixed_point,functional,85,0.0,0.07585700019262731,0,18,1
fixed_point,functional,86,206.8,0.0753699999768287,0,18,1
fixed_point,functional,87,0.0,0.07865899940952659,0,18,1
fixed_point,functional,88,196.4,0.07933600107207894,0,18,1
fixed_point,functional,89,0.0,0.08023499976843596,0,18,1
fixed_point,functional,90,167.7,0.09280900005251169,0,18,1
fixed_point,functional,91,0.0,0.09189800010062754,0,18,1
fixed_point,functional,92,196.6,0.07910999935120344,0,18,1
fixed_point,functional,93,168.4,0.0924959999974817,0,18,1
fixed_point,functional,94,0.0,0.10020999936386943,0,18,1
fixed_point,functional,95,168.0,0.09254799922928214,0,18,1
fixed_point,functional,96,0.0,0.08174500078894198,0,18,1
fixed_point,functional,97,200.0,0.07789799943566322,0,18,1
fixed_point,functional,98,0.0,0.07632900029420853,0,18,1
fixed_point,functional,99,192.4,0.0809679995290935,0,18,1
fixed_point,functional,100,0.0,0.07486799964681268,0,18,1
newton_1d,imperative,1,433.9,0.0357810000423342,0,5,1
newton_1d,imperative,2,0.0,0.03497099969536066,0,5,1
newton_1d,imperative,3,0.0,0.03630200051702559,0,5,1
newton_1d,imperative,4,0.0,0.035921999951824546,0,5,1
newton_1d,imperative,5,413.8,0.037519000470638275,0,5,1
newton_1d,imperative,6,0.0,0.036163999466225505,0,5,1
newton_1d,imperative,7,0.0,0.03628700040280819,0,5,1
newton_1d,imperative,8,0.0,0.03713299985975027,0,5,1
newton_1d,imperative,9,0.0,0.03559199976734817,0,5,1
newton_1d,imperative,10,425.8,0.03653499996289611,0,5,1
newton_1d,imperative,11,0.0,0.03609400009736419,0,5,1
newton_1d,imperative,12,0.0,0.03596700029447675,0,5,1
newton_1d,imperative,13,0.0,0.035595999797806144,0,5,1
newton_1d,imperative,14,435.9,0.03569299937225878,0,5,1
newton_1d,imperative,15,0.0,0.03570099943317473,0,5,1
newton_1d,imperative,16,0.0,0.03626100020483136,0,5,1
newton_1d,imperative,17,0.0,0.0358379993122071,0,5,1
newton_1d,imperative,18,434.4,0.035761999897658825,0,5,1
newton_1d,imperative,19,0.0,0.036621999461203814,0,5,1
newton_1d,imperative,20,0.0,0.034764999290928245,0,5,1
newton_1d,imperative,21,0.0,0.036324000684544444,0,5,1
newton_1d,imperative,22,0.0,0.03646200057119131,0,5,1
newton_1d,imperative,23,435.6,0.035709000658243895,0,5,1
newton_1d,imperative,24,0.0,0.03609800012782216,0,5,1
newton_1d,imperative,25,0.0,0.03646699944511056,0,5,1
newton_1d,imperative,26,0.0,0.036150000523775816,0,5,1
newton_1d,imperative,27,431.7,0.036054999800398946,0,5,1
newton_1d,imperative,28,0.0,0.03655700013041496,0,5,1
newton_1d,imperative,29,0.0,0.03580800024792552,0,5,1
newton_1d,imperative,30,0.0,0.03414100036025047,0,5,1
newton_1d,imperative,31,435.2,0.03573399968445301,0,5,1
newton_1d,imperative,32,0.0,0.036048999754711986,0,5,1
newton_1d,imperative,33,0.0,0.03476800047792494,0,5,1
newton_1d,imperative,34,0.0,0.035844999365508556,0,5,1
newton_1d,imperative,35,0.0,0.03586699953302741,0,5,1
newton_1d,imperative,36,422.5,0.03680400084704161,0,5,1
newton_1d,imperative,37,0.0,0.035929000005126,0,5,1
newton_1d,imperative,38,0.0,0.036130999214947224,0,5,1
newton_1d,imperative,39,0.0,0.036130999214947224,0,5,1
newton_1d,imperative,40,425.6,0.03656099899671972,0,5,1
newton_1d,imperative,41,0.0,0.036392000038176775,0,5,1
newton_1d,imperative,42,0.0,0.03604099969379604,0,5,1
newton_1d,imperative,43,0.0,0.03476599929854274,0,5,1
newton_1d,imperative,44,432.3,0.03599399933591485,0,5,1
newton_1d,imperative,45,0.0,0.03527400083839893,0,5,1
newton_1d,imperative,46,0.0,0.03627300029620528,0,5,1
newton_1d,imperative,47,0.0,0.03468099981546402,0,5,1
newton_1d,imperative,48,424.2,0.03666499978862703,0,5,1
newton_1d,imperative,49,0.0,0.036102000158280134,0,5,1
newton_1d,imperative,50,0.0,0.035929000005126,0,5,1
newton_1d,imperative,51,0.0,0.043181999353691936,0,5,1
newton_1d,imperative,52,429.0,0.0362700002733618,0,5,1
newton_1d,imperative,53,0.0,0.035851000575348735,0,5,1
newton_1d,imperative,54,0.0,0.035915999906137586,0,5,1
newton_1d,imperative,55,0.0,0.03646199940703809,0,5,1
newton_1d,imperative,56,0.0,0.036401000106707215,0,5,1
newton_1d,imperative,57,434.0,0.03585699945688248,0,5,1
newton_1d,imperative,58,0.0,0.0361199991311878,0,5,1
newton_1d,imperative,59,0.0,0.03538300050422549,0,5,1
newton_1d,imperative,60,0.0,0.036581000313162804,0,5,1
newton_1d,imperative,61,438.1,0.035514000337570906,0,5,1
newton_1d,imperative,62,0.0,0.035490000154823065,0,5,1
newton_1d,imperative,63,0.0,0.03531900001689792,0,5,1
newton_1d,imperative,64,0.0,0.03560999990440905,0,5,1
newton_1d,imperative,65,441.9,0.03517000004649162,0,5,1
newton_1d,imperative,66,0.0,0.03548300010152161,0,5,1
newton_1d,imperative,67,0.0,0.035487000131979585,0,5,1
newton_1d,imperative,68,0.0,0.03546199994161725,0,5,1
newton_1d,imperative,69,0.0,0.035884000826627016,0.00390625,5,1
newton_1d,imperative,70,437.2,0.0356029998511076,0,5,1
newton_1d,imperative,71,0.0,0.036054999800398946,0,5,1
newton_1d,imperative,72,0.0,0.03616300062276423,0,5,1
newton_1d,imperative,73,0.0,0.03507700050249696,0,5,1
newton_1d,imperative,74,440.2,0.03535300027579069,0,5,1
newton_1d,imperative,75,0.0,0.03596999915316701,0,5,1
newton_1d,imperative,76,0.0,0.035693999379873276,0,5,1
newton_1d,imperative,77,0.0,0.03599099931307137,0,5,1
newton_1d,imperative,78,434.7,0.03581900033168495,0,5,1
newton_1d,imperative,79,0.0,0.03592099994421005,0,5,1
newton_1d,imperative,80,0.0,0.03448100062087178,0,5,1
newton_1d,imperative,81,0.0,0.03559499979019165,0,5,1
newton_1d,imperative,82,0.0,0.035915999906137586,0,5,1
newton_1d,imperative,83,0.0,0.0355419993866235,0,5,1
newton_1d,imperative,84,0.0,0.03526399959810078,0,5,1
newton_1d,imperative,85,0.0,0.0359709991607815,0,5,1
newton_1d,imperative,86,0.0,0.03581600030884147,0,5,1
newton_1d,imperative,87,433.8,0.03588699968531728,0,5,1
newton_1d,imperative,88,0.0,0.03595500020310283,0,5,1
newton_1d,imperative,89,0.0,0.03679300076328218,0,5,1
newton_1d,imperative,90,0.0,0.03618699964135885,0,5,1
newton_1d,imperative,91,440.8,0.03529399982653558,0,5,1
newton_1d,imperative,92,0.0,0.035694000544026494,0,5,1
newton_1d,imperative,93,0.0,0.03477900056168437,0,5,1
newton_1d,imperative,94,0.0,0.03560899989679456,0,5,1
newton_1d,imperative,95,437.4,0.03559199976734817,0,5,1
newton_1d,imperative,96,0.0,0.03591099986806512,0,5,1
newton_1d,imperative,97,0.0,0.03555299947038293,0,5,1
newton_1d,imperative,98,0.0,0.03585699945688248,0,5,1
newton_1d,imperative,99,0.0,0.03572399960830808,0,5,1
newton_1d,imperative,100,439.0,0.03546399995684624,0,5,1
newton_1d,functional,1,0.0,0.036515999818220735,0.0078125,5,1
newton_1d,functional,2,0.0,0.036653000861406326,0.0078125,5,1
newton_1d,functional,3,0.0,0.037080999463796616,0,5,1
newton_1d,functional,4,430.4,0.0361670006532222,0,5,1
newton_1d,functional,5,0.0,0.03662599949166179,0.00390625,5,1
newton_1d,functional,6,0.0,0.0419729994609952,0.00390625,5,1
newton_1d,functional,7,0.0,0.036317999474704266,0,5,1
newton_1d,functional,8,425.9,0.03655400010757148,0,5,1
newton_1d,functional,9,0.0,0.038249000208452344,0,5,1
newton_1d,functional,10,0.0,0.03622699994593859,0,5,1
newton_1d,functional,11,0.0,0.036090000066906214,0,5,1
newton_1d,functional,12,416.1,0.037414999678730965,0,5,1
newton_1d,functional,13,0.0,0.03626000019721687,0,5,1
newton_1d,functional,14,0.0,0.035780000034719706,0,5,1
newton_1d,functional,15,0.0,0.03639600006863475,0,5,1
newton_1d,functional,16,405.7,0.03837500000372529,0,5,1
newton_1d,functional,17,0.0,0.0371439999435097,0,5,1
newton_1d,functional,18,0.0,0.03690999932587147,0,5,1
newton_1d,functional,19,0.0,0.03821799997240305,0,5,1
newton_1d,functional,20,0.0,0.036506999749690294,0,5,1
newton_1d,functional,21,444.2,0.03502800012938678,0,5,1
newton_1d,functional,22,0.0,0.042728999396786094,0,5,1
newton_1d,functional,23,0.0,0.0389960000757128,0,5,1
newton_1d,functional,24,0.0,0.036636999575421214,0,5,1
newton_1d,functional,25,428.7,0.03631099942140281,0,5,1
newton_1d,functional,26,0.0,0.03760499996133149,0,5,1
newton_1d,functional,27,0.0,0.036098998971283436,0,5,1
newton_1d,functional,28,0.0,0.0366239994764328,0,5,1
newton_1d,functional,29,415.2,0.0374969991389662,0,5,1
newton_1d,functional,30,0.0,0.03656200016848743,0,5,1
newton_1d,functional,31,0.0,0.03578500007279217,0,5,1
newton_1d,functional,32,0.0,0.03685700008645654,0,5,1
newton_1d,functional,33,435.9,0.03571100067347288,0,5,1
newton_1d,functional,34,0.0,0.03649700083769858,0,5,1
newton_1d,functional,35,0.0,0.03610000014305115,0,5,1
newton_1d,functional,36,0.0,0.037349999183788896,0,5,1
newton_1d,functional,37,427.7,0.03640600014477968,0,5,1
newton_1d,functional,38,0.0,0.038737000431865454,0,5,1
newton_1d,functional,39,0.0,0.037729000905528665,0,5,1
newton_1d,functional,40,0.0,0.035897999769076705,0,5,1
newton_1d,functional,41,433.9,0.03587899962440133,0,5,1
newton_1d,functional,42,0.0,0.037642999086529016,0,5,1
newton_1d,functional,43,0.0,0.03600000054575503,0,5,1
newton_1d,functional,44,0.0,0.0363729998935014,0,5,1
newton_1d,functional,45,0.0,0.036385999992489815,0,5,1
newton_1d,functional,46,414.7,0.0375450006686151,0,5,1
newton_1d,functional,47,0.0,0.03531499998643994,0,5,1
newton_1d,functional,48,0.0,0.03607799997553229,0,5,1
newton_1d,functional,49,0.0,0.037685000570490956,0,5,1
newton_1d,functional,50,428.3,0.0363460008520633,0,5,1
newton_1d,functional,51,0.0,0.035578999668359756,0,5,1
newton_1d,functional,52,0.0,0.037552000721916556,0,5,1
newton_1d,functional,53,0.0,0.036672999849542975,0,5,1
newton_1d,functional,54,425.6,0.03657500026747584,0,5,1
newton_1d,functional,55,0.0,0.03912999993190169,0,5,1
newton_1d,functional,56,0.0,0.03946400014683604,0,5,1
newton_1d,functional,57,0.0,0.036491999635472894,0,5,1
newton_1d,functional,58,426.6,0.03646399942226708,0,5,1
newton_1d,functional,59,0.0,0.03776300000026822,0,5,1
newton_1d,functional,60,0.0,0.036376999923959374,0,5,1
newton_1d,functional,61,0.0,0.03635300090536475,0,5,1
newton_1d,functional,62,0.0,0.037453999975696206,0,5,1
newton_1d,functional,63,418.4,0.037167000118643045,0,5,1
newton_1d,functional,64,0.0,0.03685200004838407,0,5,1
newton_1d,functional,65,0.0,0.0361070001963526,0,5,1
newton_1d,functional,66,0.0,0.03742799977771938,0,5,1
newton_1d,functional,67,432.5,0.03599400050006807,0,5,1
newton_1d,functional,68,0.0,0.0369959999807179,0,5,1
newton_1d,functional,69,0.0,0.03729899995960295,0,5,1
newton_1d,functional,70,0.0,0.03651199978776276,0,5,1
newton_1d,functional,71,428.2,0.03636399982497096,0,5,1
newton_1d,functional,72,0.0,0.03736100043170154,0,5,1
newton_1d,functional,73,0.0,0.03607199992984533,0,5,1
newton_1d,functional,74,0.0,0.035879999632015824,0,5,1
newton_1d,functional,75,434.2,0.035851000575348735,0,5,1
newton_1d,functional,76,0.0,0.03705000039190054,0,5,1
newton_1d,functional,77,0.0,0.03650299971923232,0,5,1
newton_1d,functional,78,0.0,0.036762000527232885,0,5,1
newton_1d,functional,79,417.3,0.03730800002813339,0,5,1
newton_1d,functional,80,0.0,0.03640800016000867,0,5,1
newton_1d,functional,81,0.0,0.03537100041285157,0,5,1
newton_1d,functional,82,0.0,0.037080999463796616,0,5,1
newton_1d,functional,83,0.0,0.03595200018025935,0,5,1
newton_1d,functional,84,433.5,0.0359139998909086,0,5,1
newton_1d,functional,85,0.0,0.03521400038152933,0,5,1
newton_1d,functional,86,0.0,0.03758199978619814,0,5,1
newton_1d,functional,87,0.0,0.036235000006854534,0,5,1
newton_1d,functional,88,430.2,0.03619299968704581,0,5,1
newton_1d,functional,89,0.0,0.03875099937431514,0,5,1
newton_1d,functional,90,0.0,0.036163999466225505,0,5,1
newton_1d,functional,91,0.0,0.03625400015152991,0,5,1
newton_1d,functional,92,434.6,0.035824000369757414,0,5,1
newton_1d,functional,93,0.0,0.03750999923795462,0,5,1
newton_1d,functional,94,0.0,0.03639600006863475,0,5,1
newton_1d,functional,95,0.0,0.036413000198081136,0,5,1
newton_1d,functional,96,410.3,0.037949999095872045,0,5,1
newton_1d,functional,97,0.0,0.036627999506890774,0,5,1
newton_1d,functional,98,0.0,0.036222999915480614,0,5,1
newton_1d,functional,99,0.0,0.037330000195652246,0,5,1
newton_1d,functional,100,0.0,0.036238000029698014,0,5,1
newton_2d,imperative,1,76.2,0.20476900041103363,0,8,1
newton_2d,imperative,2,76.1,0.20506999921053648,0,8,1
newton_2d,imperative,3,77.6,0.20125499926507473,0,8,1
newton_2d,imperative,4,154.6,0.2019269997254014,0,8,1
newton_2d,imperative,5,76.5,0.2040330006275326,0,8,1
newton_2d,imperative,6,77.2,0.20224399981088936,0,8,1
newton_2d,imperative,7,152.0,0.20534400013275445,0,8,1
newton_2d,imperative,8,73.6,0.21218899986706674,0,8,1
newton_2d,imperative,9,77.3,0.20185000030323863,0,8,1
newton_2d,imperative,10,153.8,0.20303400000557303,0,8,1
newton_2d,imperative,11,76.9,0.20295500056818128,0,8,1
newton_2d,imperative,12,77.6,0.20108799915760756,0,8,1
newton_2d,imperative,13,154.3,0.2023740008007735,0,8,1
newton_2d,imperative,14,76.9,0.20295700058341026,0,8,1
newton_2d,imperative,15,76.7,0.20344499964267015,0,8,1
newton_2d,imperative,16,75.9,0.20570300053805113,0,8,1
newton_2d,imperative,17,147.4,0.2117779990658164,0,8,1
newton_2d,imperative,18,76.8,0.2033359999768436,0,8,1
newton_2d,imperative,19,75.7,0.2060050005093217,0,8,1
newton_2d,imperative,20,150.3,0.2076930005569011,0,8,1
newton_2d,imperative,21,76.9,0.20298700081184506,0,8,1
newton_2d,imperative,22,77.8,0.20079000038094819,0,8,1
newton_2d,imperative,23,148.0,0.2109519997611642,0,8,1
newton_2d,imperative,24,77.3,0.20186899928376079,0,8,1
newton_2d,imperative,25,77.4,0.20181700005196035,0,8,1
newton_2d,imperative,26,152.4,0.2048920001834631,0,8,1
newton_2d,imperative,27,77.0,0.20257700001820922,0,8,1
newton_2d,imperative,28,77.1,0.20245400024577975,0,8,1
newton_2d,imperative,29,152.9,0.2042559999972582,0,8,1
newton_2d,imperative,30,77.3,0.20183100015856326,0,8,1
newton_2d,imperative,31,72.7,0.21476399968378246,0,8,1
newton_2d,imperative,32,154.0,0.20275199902243912,0,8,1
newton_2d,imperative,33,78.2,0.19965799991041422,0,8,1
newton_2d,imperative,34,77.6,0.20107800024561584,0,8,1
newton_2d,imperative,35,76.2,0.20484999986365438,0,8,1
newton_2d,imperative,36,156.5,0.19952000002376735,0,8,1
newton_2d,imperative,37,77.2,0.2022379997652024,0,8,1
newton_2d,imperative,38,75.5,0.20688700024038553,0,8,1
newton_2d,imperative,39,154.0,0.20277899922803044,0,8,1
newton_2d,imperative,40,77.1,0.20249899942427874,0,8,1
newton_2d,imperative,41,75.3,0.20728799980133772,0,8,1
newton_2d,imperative,42,144.2,0.2164329995866865,0,8,1
newton_2d,imperative,43,76.1,0.20518100005574524,0,8,1
newton_2d,imperative,44,73.9,0.21122400066815317,0,8,1
newton_2d,imperative,45,151.5,0.2060180006083101,0,8,1
newton_2d,imperative,46,76.1,0.20522000035271049,0,8,1
newton_2d,imperative,47,75.7,0.20609900006093085,0,8,1
newton_2d,imperative,48,152.8,0.20433700061403215,0,8,1
newton_2d,imperative,49,75.8,0.20589400082826614,0,8,1
newton_2d,imperative,50,73.9,0.2111729991156608,0,8,1
newton_2d,imperative,51,151.3,0.20628999918699265,0,8,1
newton_2d,imperative,52,75.9,0.20552600035443902,0,8,1
newton_2d,imperative,53,75.8,0.2058669994585216,0,8,1
newton_2d,imperative,54,149.9,0.20830699941143394,0,8,1
newton_2d,imperative,55,76.1,0.2050690003670752,0,8,1
newton_2d,imperative,56,76.3,0.20453100092709064,0,8,1
newton_2d,imperative,57,146.2,0.21346500026993454,0,8,1
newton_2d,imperative,58,76.7,0.2034059993457049,0,8,1
newton_2d,imperative,59,72.9,0.21419299999251962,0,8,1
newton_2d,imperative,60,153.6,0.20324999932199717,0,8,1
newton_2d,imperative,61,75.5,0.20671900012530386,0,8,1
newton_2d,imperative,62,75.7,0.20625200006179512,0,8,1
newton_2d,imperative,63,151.0,0.20666399970650673,0,8,1
newton_2d,imperative,64,77.2,0.20230400026775897,0,8,1
newton_2d,imperative,65,74.7,0.20902200019918382,0,8,1
newton_2d,imperative,66,149.7,0.20849599968641996,0,8,1
newton_2d,imperative,67,66.5,0.23464699974283576,0,8,1
newton_2d,imperative,68,136.8,0.22817799937911332,0,8,1
newton_2d,imperative,69,72.7,0.21472200052812696,0,8,1
newton_2d,imperative,70,121.9,0.2560679998714477,0,8,1
newton_2d,imperative,71,70.2,0.22232200019061565,0,8,1
newton_2d,imperative,72,73.2,0.21318400045856833,0,8,1
newton_2d,imperative,73,148.0,0.2109359996393323,0,8,1
newton_2d,imperative,74,76.3,0.20463100052438676,0,8,1
newton_2d,imperative,75,76.9,0.20294100046157837,0,8,1
newton_2d,imperative,76,146.5,0.2131030010059476,0,8,1
newton_2d,imperative,77,75.3,0.20740099949762225,0,8,1
newton_2d,imperative,78,74.6,0.209111999720335,0,8,1
newton_2d,imperative,79,151.8,0.20571000059135258,0,8,1
newton_2d,imperative,80,76.1,0.20503000007010996,0,8,1
newton_2d,imperative,81,75.7,0.20610799896530807,0,8,1
newton_2d,imperative,82,149.3,0.2090679993852973,0,8,1
newton_2d,imperative,83,76.4,0.20427900017239153,0,8,1
newton_2d,imperative,84,75.7,0.20626000012271106,0,8,1
newton_2d,imperative,85,148.6,0.21014099940657616,0,8,1
newton_2d,imperative,86,76.1,0.20499200094491243,0,8,1
newton_2d,imperative,87,76.7,0.2036460000090301,0,8,1
newton_2d,imperative,88,152.0,0.20544899976812303,0,8,1
newton_2d,imperative,89,76.0,0.20548600004985929,0,8,1
newton_2d,imperative,90,77.2,0.2023430005647242,0,8,1
newton_2d,imperative,91,153.2,0.20384600036777556,0,8,1
newton_2d,imperative,92,76.8,0.20326699945144355,0,8,1
newton_2d,imperative,93,76.6,0.20389199955388904,0,8,1
newton_2d,imperative,94,151.8,0.2056920004542917,0,8,1
newton_2d,imperative,95,76.7,0.20353400032036006,0,8,1
newton_2d,imperative,96,72.1,0.21643999963998795,0,8,1
newton_2d,imperative,97,137.3,0.22735900012776256,0,8,1
newton_2d,imperative,98,71.5,0.21817700006067753,0,8,1
newton_2d,imperative,99,59.2,0.26359700015746057,0,8,1
newton_2d,imperative,100,40.5,0.3852740000002086,0,8,1
newton_2d,functional,1,122.7,0.25420399964787066,0,8,1
newton_2d,functional,2,119.4,0.26127199991606176,0.0078125,8,1
newton_2d,functional,3,65.0,0.24005400016903877,0,8,1
newton_2d,functional,4,143.8,0.21704899962060153,0,8,1
newton_2d,functional,5,65.0,0.24016299983486533,0,8,1
newton_2d,functional,6,114.6,0.2721249999012798,0.0078125,8,1
newton_2d,functional,7,110.4,0.28278499958105385,0,8,1
newton_2d,functional,8,65.9,0.2366860001347959,0,8,1
newton_2d,functional,9,117.9,0.2648919995408505,0.00390625,8,1
newton_2d,functional,10,66.6,0.23448599968105555,0,8,1
newton_2d,functional,11,134.0,0.2328780002426356,0,8,1
newton_2d,functional,12,70.5,0.22128800046630204,0.00390625,8,1
newton_2d,functional,13,145.6,0.21439300035126507,0,8,1
newton_2d,functional,14,69.6,0.2244039997458458,0,8,1
newton_2d,functional,15,145.8,0.21408599917776883,0,8,1
newton_2d,functional,16,68.0,0.22953500039875507,0,8,1
newton_2d,functional,17,70.9,0.22008500061929226,0,8,1
newton_2d,functional,18,147.3,0.2119569992646575,0,8,1
newton_2d,functional,19,73.7,0.21190700004808605,0,8,1
newton_2d,functional,20,143.3,0.21779400063678622,0,8,1
newton_2d,functional,21,75.9,0.20576099981553853,0,8,1
newton_2d,functional,22,74.0,0.21086800028569996,0,8,1
newton_2d,functional,23,142.8,0.21864600013941526,0,8,1
newton_2d,functional,24,71.2,0.21917599951848388,0,8,1
newton_2d,functional,25,71.6,0.21804100018925965,0,8,1
newton_2d,functional,26,139.6,0.22358999936841428,0,8,1
newton_2d,functional,27,74.5,0.2096739993430674,0,8,1
newton_2d,functional,28,150.1,0.2080449997447431,0,8,1
newton_2d,functional,29,71.4,0.2185380004812032,0,8,1
newton_2d,functional,30,74.1,0.21063700085505843,0,8,1
newton_2d,functional,31,149.8,0.20847100066021085,0,8,1
newton_2d,functional,32,74.3,0.2101520006544888,0,8,1
newton_2d,functional,33,75.1,0.2078110002912581,0,8,1
newton_2d,functional,34,148.2,0.21067699999548495,0,8,1
newton_2d,functional,35,73.8,0.21144199999980628,0,8,1
newton_2d,functional,36,74.5,0.2094840002246201,0,8,1
newton_2d,functional,37,146.2,0.2135269995778799,0,8,1
newton_2d,functional,38,72.5,0.21517999935895205,0,8,1
newton_2d,functional,39,140.9,0.2214430004823953,0,8,1
newton_2d,functional,40,71.1,0.219350999686867,0,8,1
newton_2d,functional,41,73.5,0.21228800062090158,0,8,1
newton_2d,functional,42,141.7,0.22028999985195696,0,8,1
newton_2d,functional,43,70.1,0.2225080004427582,0,8,1
newton_2d,functional,44,143.8,0.21714599919505417,0,8,1
newton_2d,functional,45,73.4,0.21262000082060695,0,8,1
newton_2d,functional,46,70.9,0.2200029999949038,0,8,1
newton_2d,functional,47,140.2,0.22261500009335577,0,8,1
newton_2d,functional,48,69.8,0.2235430001746863,0,8,1
newton_2d,functional,49,138.4,0.22547799977473915,0,8,1
newton_2d,functional,50,73.5,0.21245199954137206,0,8,1
newton_2d,functional,51,70.6,0.2212049998342991,0,8,1
newton_2d,functional,52,122.5,0.2547029999550432,0,8,1
newton_2d,functional,53,51.4,0.30379500007256866,0,8,1
newton_2d,functional,54,116.3,0.26828399975784123,0,8,1
newton_2d,functional,55,65.0,0.2400230010971427,0,8,1
newton_2d,functional,56,135.8,0.22984000039286911,0,8,1
newton_2d,functional,57,64.4,0.24228299967944622,0,8,1
newton_2d,functional,58,144.4,0.2159109991043806,0,8,1
newton_2d,functional,59,64.7,0.2411750005558133,0,8,1
newton_2d,functional,60,145.3,0.21477699978277087,0,8,1
newton_2d,functional,61,69.5,0.22473499993793666,0,8,1
newton_2d,functional,62,140.9,0.22152699995785952,0,8,1
newton_2d,functional,63,68.1,0.2292619994841516,0,8,1
newton_2d,functional,64,115.6,0.26996999979019165,0,8,1
newton_2d,functional,65,114.2,0.2731919998768717,0,8,1
newton_2d,functional,66,63.9,0.2440190000925213,0,8,1
newton_2d,functional,67,111.2,0.2806060004513711,0,8,1
newton_2d,functional,68,126.0,0.2478259999770671,0,8,1
newton_2d,functional,69,0.0,0.26670000050216913,0,8,1
newton_2d,functional,70,125.2,0.2493399998638779,0.00390625,8,1
newton_2d,functional,71,62.6,0.2493710000999272,0,8,1
newton_2d,functional,72,138.9,0.22465100046247244,0,8,1
newton_2d,functional,73,72.9,0.21394100040197372,0,8,1
newton_2d,functional,74,144.6,0.21579899941571057,0,8,1
newton_2d,functional,75,72.6,0.21488800062797964,0,8,1
newton_2d,functional,76,72.5,0.21520800073631108,0,8,1
newton_2d,functional,77,146.9,0.21254400024190545,0,8,1
newton_2d,functional,78,73.5,0.21228300058282912,0,8,1
newton_2d,functional,79,143.9,0.21696400013752282,0,8,1
newton_2d,functional,80,63.9,0.24429799988865852,0,8,1
newton_2d,functional,81,122.0,0.25586199946701527,0,8,1
newton_2d,functional,82,70.1,0.22270900080911815,0,8,1
newton_2d,functional,83,139.6,0.2235249988734722,0,8,1
newton_2d,functional,84,72.4,0.21556399995461106,0,8,1
newton_2d,functional,85,73.1,0.21338999969884753,0,8,1
newton_2d,functional,86,148.5,0.21020000101998448,0,8,1
newton_2d,functional,87,73.4,0.21255199913866818,0,8,1
newton_2d,functional,88,147.2,0.21202699979767203,0,8,1
newton_2d,functional,89,73.8,0.21162400022149086,0,8,1
newton_2d,functional,90,73.9,0.21114100003615022,0,8,1
newton_2d,functional,91,136.6,0.22844300023280084,0,8,1
newton_2d,functional,92,71.3,0.21888700081035495,0,8,1
newton_2d,functional,93,129.6,0.24065000005066395,0,8,1
newton_2d,functional,94,102.7,0.3039110009558499,0,8,1
newton_2d,functional,95,55.6,0.2809559996239841,0,8,1
newton_2d,functional,96,128.8,0.24225200060755014,0,8,1
newton_2d,functional,97,68.8,0.2270000008866191,0,8,1
newton_2d,functional,98,138.9,0.22466500056907535,0,8,1
newton_2d,functional,99,68.8,0.22674900013953447,0,8,1
newton_2d,functional,100,145.5,0.2145070000551641,0,8,1
euler,imperative,1,99.8,1.2522379995789379,0,501,1
euler,imperative,2,99.2,1.2598260003142059,0,501,1
euler,imperative,3,100.4,1.2444299994967878,0,501,1
euler,imperative,4,99.9,1.251335000852123,0,501,1
euler,imperative,5,100.3,1.2455449998378754,0,501,1
euler,imperative,6,101.1,1.236073001055047,0,501,1
euler,imperative,7,97.4,1.2833259999752045,0,501,1
euler,imperative,8,100.7,1.2405510002281517,0,501,1
euler,imperative,9,100.8,1.240230998955667,0,501,1
euler,imperative,10,100.7,1.2415509996935725,0,501,1
euler,imperative,11,99.4,1.2574670009780675,0,501,1
euler,imperative,12,100.3,1.2461569998413324,0,501,1
euler,imperative,13,100.7,1.241427999921143,0,501,1
euler,imperative,14,97.8,1.2780469993595034,0,501,1
euler,imperative,15,98.9,1.263162000104785,0,501,1
euler,imperative,16,99.0,1.261911999899894,0,501,1
euler,imperative,17,100.5,1.2431540002580732,0,501,1
euler,imperative,18,101.6,1.2305199995171279,0,501,1
euler,imperative,19,99.9,1.251242000143975,0,501,1
euler,imperative,20,100.3,1.2465279991738498,0,501,1
euler,imperative,21,100.7,1.2407240003813058,0,501,1
euler,imperative,22,100.6,1.2425300001632422,0,501,1
euler,imperative,23,100.4,1.2441589997615665,0,501,1
euler,imperative,24,100.5,1.243964999448508,0,501,1
euler,imperative,25,99.3,1.2589659995865077,0,501,1
euler,imperative,26,100.7,1.2415529997088015,0,501,1
euler,imperative,27,102.0,1.2256379995960742,0,501,1
euler,imperative,28,101.8,1.2274480005726218,0,501,1
euler,imperative,29,99.2,1.260037999600172,0,501,1
euler,imperative,30,98.7,1.2664430006407201,0,501,1
euler,imperative,31,100.4,1.245098999934271,0,501,1
euler,imperative,32,100.3,1.2462929997127503,0,501,1
euler,imperative,33,100.6,1.2420939991716295,0,501,1
euler,imperative,34,99.1,1.2616590003017336,0,501,1
euler,imperative,35,96.0,1.3022139994427562,0,501,1
euler,imperative,36,98.4,1.2702939996961504,0,501,1
euler,imperative,37,100.3,1.2463119998574257,0,501,1
euler,imperative,38,100.1,1.248316999990493,0,501,1
euler,imperative,39,100.6,1.242338001029566,0,501,1
euler,imperative,40,101.8,1.2272369989659637,0,501,1
euler,imperative,41,101.2,1.235420999582857,0,501,1
euler,imperative,42,101.6,1.2300230003893375,0,501,1
euler,imperative,43,102.0,1.2253600009717047,0,501,1
euler,imperative,44,99.6,1.2544159998651594,0,501,1
euler,imperative,45,100.2,1.246845000423491,0,501,1
euler,imperative,46,101.5,1.2318120000418276,0,501,1
euler,imperative,47,101.1,1.23555300058797,0,501,1
euler,imperative,48,90.6,1.206436000065878,0,501,1
euler,imperative,49,101.0,1.2371079996228218,0,501,1
euler,imperative,50,102.0,1.225007000612095,0,501,1
euler,imperative,51,97.4,1.283540999284014,0,501,1
euler,imperative,52,107.9,1.3032230001408607,0,501,1
euler,imperative,53,100.5,1.243216999573633,0,501,1
euler,imperative,54,88.8,1.2307920004241168,0,501,1
euler,imperative,55,88.7,1.23275600024499,0,501,1
euler,imperative,56,110.8,1.2686509999912232,0,501,1
euler,imperative,57,94.6,1.3214570004492998,0,501,1
euler,imperative,58,101.5,1.2307930004317313,0,501,1
euler,imperative,59,100.5,1.2432110006920993,0,501,1
euler,imperative,60,100.7,1.2416240002494305,0,501,1
euler,imperative,61,102.3,1.2216630007606,0,501,1
euler,imperative,62,100.6,1.2419690005481243,0,501,1
euler,imperative,63,100.1,1.2484850001055747,0,501,1
euler,imperative,64,100.1,1.2481169996317476,0,501,1
euler,imperative,65,99.6,1.2551539996638894,0,501,1
euler,imperative,66,99.0,1.2619670003186911,0,501,1
euler,imperative,67,98.2,1.2720800004899502,0,501,1
euler,imperative,68,98.6,1.268065000185743,0,501,1
euler,imperative,69,98.3,1.2712439999449998,0,501,1
euler,imperative,70,99.3,1.2585309997666627,0,501,1
euler,imperative,71,100.3,1.2463279999792576,0,501,1
euler,imperative,72,99.1,1.2607610004488379,0,501,1
euler,imperative,73,99.6,1.254596000071615,0,501,1
euler,imperative,74,99.4,1.2571679998654872,0,501,1
euler,imperative,75,98.5,1.268372000195086,0,501,1
euler,imperative,76,100.3,1.2457179999910295,0,501,1
euler,imperative,77,109.4,1.2848990003112704,0,501,1
euler,imperative,78,87.6,1.6046929999720305,0,501,1
euler,imperative,79,97.6,1.280216999584809,0,501,1
euler,imperative,80,100.6,1.242114999331534,0,501,1
euler,imperative,81,100.3,1.2455649999901652,0,501,1
euler,imperative,82,99.1,1.261584999738261,0,501,1
euler,imperative,83,108.2,1.299186999676749,0,501,1
euler,imperative,84,88.4,1.2373430002480745,0,501,1
euler,imperative,85,111.4,1.2618609995115548,0,501,1
euler,imperative,86,97.3,1.2846069992519915,0,501,1
euler,imperative,87,102.8,1.3682470005005598,0,501,1
euler,imperative,88,98.0,1.274944000178948,0,501,1
euler,imperative,89,98.9,1.2640069995541126,0,501,1
euler,imperative,90,101.4,1.2327840004581958,0,501,1
euler,imperative,91,101.6,1.2303219991736114,0,501,1
euler,imperative,92,99.7,1.254057000624016,0,501,1
euler,imperative,93,100.4,1.2453089992050081,0,501,1
euler,imperative,94,100.3,1.2458180007524788,0,501,1
euler,imperative,95,97.3,1.284798999549821,0,501,1
euler,imperative,96,99.4,1.2569170002825558,0,501,1
euler,imperative,97,100.2,1.2473709997721016,0,501,1
euler,imperative,98,100.9,1.2386609998065978,0,501,1
euler,imperative,99,100.5,1.243627000367269,0,501,1
euler,imperative,100,100.0,1.2491270003374666,0,501,1
euler,functional,1,102.4,1.3723490003030747,0.0234375,501,1
euler,functional,2,91.3,1.3693240005522966,0.00390625,501,1
euler,functional,3,102.9,1.3657850003801286,0,501,1
euler,functional,4,104.1,1.3508539996109903,0.0078125,501,1
euler,functional,5,91.8,1.3610470003914088,0.01171875,501,1
euler,functional,6,102.2,1.3761370000429451,0.00390625,501,1
euler,functional,7,102.0,1.3788000005297363,0,501,1
euler,functional,8,103.1,1.3643700000829995,0,501,1
euler,functional,9,101.5,1.3848620001226664,0,501,1
euler,functional,10,100.8,1.39551299973391,0.00390625,501,1
euler,functional,11,101.9,1.3793480000458658,0,501,1
euler,functional,12,91.4,1.3675080006942153,0,501,1
euler,functional,13,102.3,1.3748779997695237,0,501,1
euler,functional,14,102.4,1.3733800000045449,0,501,1
euler,functional,15,103.7,1.3564450002741069,0,501,1
euler,functional,16,91.2,1.3701569999102503,0,501,1
euler,functional,17,109.0,1.4332469995133579,0,501,1
euler,functional,18,89.8,1.3910649996250868,0,501,1
euler,functional,19,103.5,1.3579059997573495,0,501,1
euler,functional,20,102.7,1.3694180001039058,0,501,1
euler,functional,21,102.5,1.3721820001956075,0,501,1
euler,functional,22,91.6,1.3641630008351058,0,501,1
euler,functional,23,102.2,1.3762049993965775,0,501,1
euler,functional,24,100.4,1.4010530000086874,0,501,1
euler,functional,25,101.8,1.3806419994216412,0,501,1
euler,functional,26,101.3,1.3883630000054836,0,501,1
euler,functional,27,101.3,1.388085000216961,0,501,1
euler,functional,28,97.5,1.4420009998138994,0,501,1
euler,functional,29,101.4,1.5399680007249117,0,501,1
euler,functional,30,96.0,1.4639850007370114,0,501,1
euler,functional,31,103.0,1.3654869992751628,0,501,1
euler,functional,32,102.2,1.376045000506565,0,501,1
euler,functional,33,102.4,1.3735800003632903,0,501,1
euler,functional,34,100.8,1.3954609993379563,0,501,1
euler,functional,35,100.9,1.3940080010797828,0,501,1
euler,functional,36,90.8,1.376779000274837,0,501,1
euler,functional,37,102.5,1.3716449995990843,0,501,1
euler,functional,38,102.3,1.3737359992228448,0,501,1
euler,functional,39,98.1,1.4335129992105067,0,501,1
euler,functional,40,98.7,1.4245270006358624,0,501,1
euler,functional,41,101.0,1.3917189999483526,0,501,1
euler,functional,42,100.5,1.3996449997648597,0,501,1
euler,functional,43,102.0,1.5315969998482615,0,501,1
euler,functional,44,102.0,1.3779059995431453,0,501,1
euler,functional,45,101.6,1.3835779996588826,0,501,1
euler,functional,46,98.2,1.4311609999276698,0,501,1
euler,functional,47,85.9,1.8182560009881854,0,501,1
euler,functional,48,100.9,1.3933919998817146,0,501,1
euler,functional,49,109.6,1.4247159997466952,0,501,1
euler,functional,50,90.4,1.3823559996671975,0,501,1
euler,functional,51,102.4,1.5253560000564903,0,501,1
euler,functional,52,102.1,1.3764259999152273,0,501,1
euler,functional,53,104.0,1.5015989996027201,0,501,1
euler,functional,54,91.8,1.5311229997314513,0,501,1
euler,functional,55,99.6,1.41110600088723,0,501,1
euler,functional,56,101.6,1.384157999418676,0,501,1
euler,functional,57,106.9,1.4618450007401407,0,501,1
euler,functional,58,94.1,1.4935199997853488,0,501,1
euler,functional,59,101.2,1.3888400001451373,0,501,1
euler,functional,60,102.0,1.3790370000060648,0,501,1
euler,functional,61,103.1,1.3642639992758632,0,501,1
euler,functional,62,101.5,1.3849079993087798,0,501,1
euler,functional,63,91.0,1.3734020001720637,0,501,1
euler,functional,64,103.1,1.3634590001311153,0,501,1
euler,functional,65,101.3,1.3879310002084821,0,501,1
euler,functional,66,101.7,1.3831149996258318,0,501,1
euler,functional,67,100.4,1.4006060000974685,0,501,1
euler,functional,68,101.3,1.3872960000298917,0,501,1
euler,functional,69,101.3,1.3876999996136874,0,501,1
euler,functional,70,100.0,1.405402000527829,0,501,1
euler,functional,71,90.3,1.3847030000761151,0,501,1
euler,functional,72,100.9,1.393789000576362,0,501,1
euler,functional,73,101.5,1.3849679997656494,0,501,1
euler,functional,74,99.0,1.4202120003756136,0,501,1
euler,functional,75,100.9,1.3936279993504286,0.12890625,501,1
euler,functional,76,101.1,1.390374000184238,0,501,1
euler,functional,77,101.1,1.3909680000506341,0,501,1
euler,functional,78,102.2,1.3762090005911887,0,501,1
euler,functional,79,103.3,1.3613800005987287,0,501,1
euler,functional,80,100.8,1.3952820003032684,0,501,1
euler,functional,81,92.2,1.524202999426052,0,501,1
euler,functional,82,108.5,1.4403099997434765,0,501,1
euler,functional,83,91.0,1.373674999922514,0,501,1
euler,functional,84,103.1,1.36386499973014,0,501,1
euler,functional,85,103.0,1.3646690000314265,0,501,1
euler,functional,86,101.9,1.3801440002862364,0,501,1
euler,functional,87,91.6,1.3644379994366318,0,501,1
euler,functional,88,102.9,1.3659510004799813,0,501,1
euler,functional,89,101.6,1.3840830000117421,0,501,1
euler,functional,90,101.6,1.3832599995657802,0,501,1
euler,functional,91,98.4,1.4284870005212724,0,501,1
euler,functional,92,102.7,1.3693509995937347,0,501,1
euler,functional,93,102.6,1.3706119998823851,0,501,1
euler,functional,94,91.6,1.364619000814855,0,501,1
euler,functional,95,103.2,1.362051999894902,0,501,1
euler,functional,96,102.5,1.3719629996921867,0,501,1
euler,functional,97,102.7,1.3688180001918226,0,501,1
euler,functional,98,101.5,1.3856429990846664,0,501,1
euler,functional,99,89.7,1.3938539999071509,0,501,1
euler,functional,100,101.1,1.3900890003424138,0,501,1
